<?xml version="1.0" encoding="UTF-8"?>
<root>
	<name>Report</name>
	<items>
		<item>
			<icon>0</icon>
			<title>Title 1</title>
			<subtitle>Subtitle 1</subtitle>
			<caption>Caption 1</caption>
		</item>
		<item>
			<icon>1</icon>
			<title>Title 2</title>
			<subtitle>Subtitle 2</subtitle>
			<caption>Caption 2</caption>
		</item>
		<item>
			<icon>2</icon>
			<title>Title 3</title>
			<subtitle>Subtitle 3</subtitle>
			<caption>Caption 3</caption>
		</item>
		<item>
			<icon>2</icon>
			<title>Title 4</title>
			<subtitle>Subtitle 4</subtitle>
			<caption>Caption 4</caption>
		</item>
		<item>
			<icon>1</icon>
			<title>Title 5</title>
			<subtitle>Subtitle 5</subtitle>
			<caption>Caption 5</caption>
		</item>
		<item>
			<icon>0</icon>
			<title>Title 6</title>
			<subtitle>Subtitle 6</subtitle>
			<caption>Caption 6</caption>
		</item>
	</items>
</root>
